{"cameraMode":{"drawMode":0,"name":"Shaded","section":"Shading Mode"},"sceneLighting":true,"audioPlay":false,"sceneViewState":{"m_AlwaysRefresh":false,"showFog":true,"showSkybox":true,"showFlares":true,"showImageEffects":true,"showParticleSystems":true,"showVisualEffectGraphs":true,"m_FxEnabled":true},"in2DMode":false,"pivot":{"x":14445858754744287000.0,"y":-41583767256999920000.0,"z":-25100768542684350000.0},"rotation":{"x":0.3112252652645111,"y":-0.009978203102946282,"z":0.0032679722644388677,"w":0.9502781629562378},"size":-4.375275774558939e25,"orthographic":false}